mean_fit_time,std_fit_time,mean_score_time,std_score_time,param_n_estimators,params,split0_test_score,split1_test_score,split2_test_score,split3_test_score,split4_test_score,split5_test_score,split6_test_score,split7_test_score,split8_test_score,split9_test_score,mean_test_score,std_test_score,rank_test_score,Experiment
0.007662129402160644,0.0006269583362220962,0.004001641273498535,1.7785274934634825e-05,1,{'n_estimators': 1},0.9737609329446064,0.9655172413793103,0.9798270893371758,0.9770114942528735,0.9714285714285714,0.9597701149425287,0.9794721407624634,0.962962962962963,0.9797101449275362,0.9623188405797101,0.9711779533517738,0.00751875366685445,2,RW-L7: Hyperparameter tunning: RF
0.41559154987335206,0.08710143502769518,0.020737218856811523,0.0025657078004958428,101,{'n_estimators': 101},0.9941520467836257,0.9913043478260869,0.994186046511628,0.9855907780979827,0.9913043478260869,0.994186046511628,0.9941520467836257,0.9912536443148687,0.994186046511628,0.9970845481049563,0.9927399899272116,0.002942427966337723,1,RW-L7: Hyperparameter tunning: RF
